{"cameraMode":{"drawMode":0,"name":"Shaded","section":"Shading Mode"},"sceneLighting":false,"audioPlay":false,"sceneViewState":{"showFog":true,"showMaterialUpdate":false,"showSkybox":false,"showFlares":true,"showImageEffects":true,"showParticleSystems":true},"in2DMode":false,"pivot":{"x":-0.10277467966079712,"y":-0.6198064088821411,"z":0.48342394828796389},"rotation":{"x":0.27798596024513247,"y":-0.30167993903160097,"z":0.09243094176054001,"w":0.9072905778884888},"size":0.9195994138717651,"orthographic":false}